model,chi2_chi2,chi2_df,chi2_p_value,chi2_n_bins,chi2_shots_covered,chi2_shots_total,moran_morans_i,moran_p_value,moran_n_bins,moran_expected_i,moran_n_permutations
XGBoost xG,57.282205023160834,54,0.3543741428809528,54,5680,5954,-0.09337615422654673,0.8749,54,-0.018867924528301886,9999
StatsBomb xG,64.91396157141324,54,0.14686804868248785,54,5680,5954,-0.0712987380073307,0.7824,54,-0.018867924528301886,9999
